Revenue,Revenue Growth,COGS,% Revenue,Gross Profit,Operating Costs,EBITDA,Depreciation and Amortization,EBIT,Taxes,% EBIT,NOPAT,ADD: D&A,CAPEX,Change in NWC,Unlevered FCF
265595000000,,163756000000,-0.05012519060976298,101839000000,30941000000,81801000000,10903000000,70898000000,13372000000,0.18860898755959266,57526000000,10903000000,-13313000000,-10097246092.084778,132981594061.9734
260174000000,-0.0204107758052674,161782000000,-0.04033838892433525,98392000000,34462000000,76477000000,12547000000,63930000000,10481000000,0.16394493977788205,53449000000,12547000000,-10495000000,-11042721240.189453,148488262917.4971
274515000000,0.05512080376978479,169559000000,-0.026625138881299748,104956000000,38668000000,77344000000,11056000000,66288000000,9680000000,0.1460294472604393,56608000000,11056000000,-7309000000,-12065922292.813507,165665955176.3251
365817000000,0.33259384733074704,212981000000,-0.030302036264033657,152836000000,43887000000,120233000000,11284000000,108949000000,14527000000,0.13333761668303518,94422000000,11284000000,-11085000000,-13173089770.18399,184695850816.63846
394328000000,0.0779378760418461,223546000000,-0.02715505873283155,170782000000,51345000000,130541000000,11104000000,119437000000,19300000000,0.1615914666309435,100137000000,11104000000,-10708000000,-14370962890.11673,205778905164.41626
